[
  {
    "value": "Dune",
    "synonyms": [
      "Dune",
      "dun"
    ]
  },
  {
    "value": "No Time To Die",
    "synonyms": [
      "No Time To Die",
      "no time for die",
      "no time",
      "no die"
    ]
  },
  {
    "value": "House of Gucci",
    "synonyms": [
      "House of Gucci",
      "Gucci",
      "House for gucci",
      "gucci house"
    ]
  },
  {
    "value": "Spencer",
    "synonyms": [
      "Spencer",
      "spenser"
    ]
  },
  {
    "value": "Last Night in Soho",
    "synonyms": [
      "Last Night in Soho",
      "Soho",
      "last night soho"
    ]
  }
]