[
  {
    "value": "Today",
    "synonyms": [
      "Today",
      "Now"
    ]
  },
  {
    "value": "Tomorrow",
    "synonyms": [
      "Tomorrow",
      "tommorrow"
    ]
  },
  {
    "value": "Next Sunday",
    "synonyms": [
      "Next Sunday",
      "Sunday"
    ]
  },
  {
    "value": "Next Monday",
    "synonyms": [
      "Next Monday",
      "Monday"
    ]
  },
  {
    "value": "Next Tuseday",
    "synonyms": [
      "Next Tuseday",
      "Tuseday"
    ]
  },
  {
    "value": "Next Wednesday",
    "synonyms": [
      "Next Wednesday",
      "wednesday"
    ]
  },
  {
    "value": "Next Turseday",
    "synonyms": [
      "Next Turseday",
      "Turseday"
    ]
  },
  {
    "value": "Next Friday",
    "synonyms": [
      "Next Friday",
      "Friday"
    ]
  },
  {
    "value": "Next Saturday",
    "synonyms": [
      "Next Saturday",
      "Saturday"
    ]
  }
]