[
  {
    "value": "Front Section",
    "synonyms": [
      "Front Section",
      "Closer to screen",
      "close to screen",
      "front line",
      "first rows",
      "near to exit"
    ]
  },
  {
    "value": "Back Section",
    "synonyms": [
      "Back Section",
      "Further",
      "further from screen",
      "as far as possible",
      "back row",
      "near the entry",
      "Back",
      "near the entrance"
    ]
  },
  {
    "value": "Center Section",
    "synonyms": [
      "Center Section",
      "Center",
      "Not too front not too back",
      "not too close"
    ]
  }
]