[
  {
    "value": "SilverCity Windsor Cinemas",
    "synonyms": [
      "SilverCity Windsor Cinemas",
      "Silvercity",
      "Silver"
    ]
  },
  {
    "value": "Cineplex Odeon Devonshire Mall Cinema",
    "synonyms": [
      "Cineplex Odeon Devonshire Mall Cinema",
      "Devonshire",
      "Cineplex",
      "odeon",
      "Divonshire Mall",
      "Cineplex Devonshire",
      "Cieplex odeon"
    ]
  },
  {
    "value": "Imagine Cinemas Lakeshore",
    "synonyms": [
      "Imagine Cinemas Lakeshore",
      "Imagine",
      "Lakeshore",
      "lakeshore imagine",
      "imagine lakeshore"
    ]
  }
]