[
  {
    "id": "41054ae6-7b31-4e41-b563-569f48a6fb38",
    "data": [
      {
        "text": "purchase ticket",
        "userDefined": false
      }
    ],
    "isTemplate": false,
    "count": 0,
    "lang": "en",
    "updated": 0
  },
  {
    "id": "cc8582f8-2a70-46c0-8559-3dd6e9617d40",
    "data": [
      {
        "text": "buy ticket",
        "userDefined": false
      }
    ],
    "isTemplate": false,
    "count": 0,
    "lang": "en",
    "updated": 0
  },
  {
    "id": "51ac0f0e-7860-4aa0-9d87-dae6a09569e4",
    "data": [
      {
        "text": "buy a ticket",
        "userDefined": false
      }
    ],
    "isTemplate": false,
    "count": 0,
    "lang": "en",
    "updated": 0
  },
  {
    "id": "69759fba-df41-4797-a046-5ae1b9268412",
    "data": [
      {
        "text": "i want to buy a ticket",
        "userDefined": false
      }
    ],
    "isTemplate": false,
    "count": 0,
    "lang": "en",
    "updated": 0
  },
  {
    "id": "fcf29ec5-d572-42e8-b9e8-57d89f0d6887",
    "data": [
      {
        "text": "gucci",
        "meta": "@Movie",
        "alias": "MovieName",
        "userDefined": false
      },
      {
        "text": " is my favourate movie",
        "userDefined": false
      }
    ],
    "isTemplate": false,
    "count": 0,
    "lang": "en",
    "updated": 0
  },
  {
    "id": "3611786c-02d5-4094-9ff6-0890dcf324f8",
    "data": [
      {
        "text": "wednesday",
        "meta": "@OrderDay",
        "alias": "OrderDay",
        "userDefined": false
      },
      {
        "text": " works for me",
        "userDefined": false
      }
    ],
    "isTemplate": false,
    "count": 0,
    "lang": "en",
    "updated": 0
  },
  {
    "id": "faff20c6-f22e-4e54-baba-79f700300614",
    "data": [
      {
        "text": "evening",
        "meta": "@DayTime",
        "alias": "DayTime",
        "userDefined": false
      },
      {
        "text": " I think",
        "userDefined": false
      }
    ],
    "isTemplate": false,
    "count": 0,
    "lang": "en",
    "updated": 0
  },
  {
    "id": "73f2fb11-0e76-4a80-bdd3-3aba36872e2f",
    "data": [
      {
        "text": "I want to buy ",
        "userDefined": false
      },
      {
        "text": "3",
        "meta": "@sys.number",
        "alias": "number",
        "userDefined": false
      },
      {
        "text": " tickets for ",
        "userDefined": false
      },
      {
        "text": "soho",
        "meta": "@Movie",
        "alias": "MovieName",
        "userDefined": true
      },
      {
        "text": " movie",
        "userDefined": false
      }
    ],
    "isTemplate": false,
    "count": 0,
    "lang": "en",
    "updated": 0
  },
  {
    "id": "b5ad8677-dcd5-42b7-96fb-c781599723dc",
    "data": [
      {
        "text": "i want to buy ",
        "userDefined": false
      },
      {
        "text": "a",
        "meta": "@sys.number",
        "alias": "number",
        "userDefined": true
      },
      {
        "text": " ticket",
        "userDefined": false
      }
    ],
    "isTemplate": false,
    "count": 0,
    "lang": "en",
    "updated": 0
  },
  {
    "id": "f4149b2b-25bd-4ba0-b6d5-77c3ae9955a5",
    "data": [
      {
        "text": "I want to buy some tickets",
        "userDefined": false
      }
    ],
    "isTemplate": false,
    "count": 0,
    "lang": "en",
    "updated": 0
  },
  {
    "id": "2c06254a-65cd-4342-ab1a-41ffbe81faee",
    "data": [
      {
        "text": "just ",
        "userDefined": false
      },
      {
        "text": "2",
        "meta": "@sys.number",
        "alias": "number",
        "userDefined": true
      },
      {
        "text": " please",
        "userDefined": false
      }
    ],
    "isTemplate": false,
    "count": 0,
    "lang": "en",
    "updated": 0
  },
  {
    "id": "997d21cd-53f0-4383-b9f0-4326199ee679",
    "data": [
      {
        "text": "belfast",
        "meta": "@Movie",
        "alias": "MovieName",
        "userDefined": false
      },
      {
        "text": " in ",
        "userDefined": false
      },
      {
        "text": "Odeon",
        "meta": "@Theater",
        "alias": "TheaterName",
        "userDefined": false
      },
      {
        "text": " for morning ",
        "userDefined": false
      },
      {
        "text": "sunday",
        "meta": "@OrderDay",
        "alias": "OrderDay",
        "userDefined": false
      }
    ],
    "isTemplate": false,
    "count": 0,
    "lang": "en",
    "updated": 0
  },
  {
    "id": "1b1fff59-d4a7-47d2-b57b-8dcfc6e7a6dd",
    "data": [
      {
        "text": "5",
        "meta": "@sys.number",
        "alias": "number",
        "userDefined": false
      },
      {
        "text": " tickets for ",
        "userDefined": false
      },
      {
        "text": "Gucci",
        "meta": "@Movie",
        "alias": "MovieName",
        "userDefined": false
      },
      {
        "text": " in ",
        "userDefined": false
      },
      {
        "text": "lakeshore",
        "meta": "@Theater",
        "alias": "TheaterName",
        "userDefined": true
      },
      {
        "text": " cinema for ",
        "userDefined": false
      },
      {
        "text": "tommorow",
        "meta": "@OrderDay",
        "alias": "OrderDay",
        "userDefined": false
      }
    ],
    "isTemplate": false,
    "count": 0,
    "lang": "en",
    "updated": 0
  },
  {
    "id": "3997b355-61c3-401d-8403-09b020fb3b2b",
    "data": [
      {
        "text": "I like to watch ",
        "userDefined": false
      },
      {
        "text": "soho",
        "meta": "@Movie",
        "alias": "MovieName",
        "userDefined": true
      }
    ],
    "isTemplate": false,
    "count": 0,
    "lang": "en",
    "updated": 0
  },
  {
    "id": "d0c35b85-a869-44dc-ac39-c2abdf7c6809",
    "data": [
      {
        "text": "i choose ",
        "userDefined": false
      },
      {
        "text": "imagine",
        "meta": "@Theater",
        "alias": "TheaterName",
        "userDefined": false
      }
    ],
    "isTemplate": false,
    "count": 0,
    "lang": "en",
    "updated": 0
  },
  {
    "id": "55850187-8cc3-4d26-bbd0-9f92cc9ec80a",
    "data": [
      {
        "text": "I am going to order ",
        "userDefined": false
      },
      {
        "text": "one",
        "meta": "@sys.number",
        "alias": "number",
        "userDefined": true
      },
      {
        "text": " ticket",
        "userDefined": false
      }
    ],
    "isTemplate": false,
    "count": 0,
    "lang": "en",
    "updated": 0
  },
  {
    "id": "7240cbb3-a71a-49f3-86ab-e4af3c8a1b64",
    "data": [
      {
        "text": "2",
        "meta": "@sys.number",
        "alias": "number",
        "userDefined": false
      },
      {
        "text": " tickets",
        "userDefined": false
      }
    ],
    "isTemplate": false,
    "count": 1,
    "lang": "en",
    "updated": 0
  },
  {
    "id": "e8202417-7cea-4bf7-b315-be3f8456076d",
    "data": [
      {
        "text": "2",
        "meta": "@sys.number",
        "alias": "number",
        "userDefined": true
      },
      {
        "text": " please",
        "userDefined": false
      }
    ],
    "isTemplate": false,
    "count": 0,
    "lang": "en",
    "updated": 0
  },
  {
    "id": "c42f55e4-ac11-42a9-86d2-2bac868e8de3",
    "data": [
      {
        "text": "2",
        "meta": "@sys.number",
        "alias": "number",
        "userDefined": false
      },
      {
        "text": " tickets for ",
        "userDefined": false
      },
      {
        "text": "spencer",
        "meta": "@Movie",
        "alias": "MovieName",
        "userDefined": false
      },
      {
        "text": " ",
        "userDefined": false
      },
      {
        "text": "in",
        "userDefined": false
      },
      {
        "text": " ",
        "userDefined": false
      },
      {
        "text": "silvercity",
        "meta": "@Theater",
        "alias": "TheaterName",
        "userDefined": true
      },
      {
        "text": " for the ",
        "userDefined": false
      },
      {
        "text": "afternoon",
        "meta": "@DayTime",
        "alias": "DayTime",
        "userDefined": true
      },
      {
        "text": " ",
        "userDefined": false
      },
      {
        "text": "today",
        "meta": "@OrderDay",
        "alias": "OrderDay",
        "userDefined": false
      }
    ],
    "isTemplate": false,
    "count": 0,
    "lang": "en",
    "updated": 0
  },
  {
    "id": "702767ab-32cc-4391-9b98-edbc7673e77e",
    "data": [
      {
        "text": "I want",
        "userDefined": false
      },
      {
        "text": " to buy ",
        "userDefined": false
      },
      {
        "text": "3",
        "meta": "@sys.number",
        "alias": "number",
        "userDefined": true
      },
      {
        "text": " tickets for ",
        "userDefined": false
      },
      {
        "text": "gucci",
        "meta": "@Movie",
        "alias": "MovieName",
        "userDefined": true
      },
      {
        "text": " in cineplex for ",
        "userDefined": false
      },
      {
        "text": "tomorrow",
        "meta": "@OrderDay",
        "alias": "OrderDay",
        "userDefined": false
      },
      {
        "text": " ",
        "userDefined": false
      },
      {
        "text": "morning",
        "meta": "@DayTime",
        "alias": "DayTime",
        "userDefined": true
      }
    ],
    "isTemplate": false,
    "count": 0,
    "lang": "en",
    "updated": 0
  },
  {
    "id": "26191917-8ec7-4346-8f34-3675770c99e4",
    "data": [
      {
        "text": "I want",
        "userDefined": false
      },
      {
        "text": " to watch ",
        "userDefined": false
      },
      {
        "text": "Gucci",
        "meta": "@Movie",
        "alias": "MovieName",
        "userDefined": true
      }
    ],
    "isTemplate": false,
    "count": 0,
    "lang": "en",
    "updated": 0
  },
  {
    "id": "d0a92f0b-0b99-4eb4-b001-e16171cfbc68",
    "data": [
      {
        "text": "I want",
        "userDefined": false
      },
      {
        "text": " to buy tickets for ",
        "userDefined": false
      },
      {
        "text": "3",
        "meta": "@sys.number",
        "alias": "number",
        "userDefined": true
      }
    ],
    "isTemplate": false,
    "count": 0,
    "lang": "en",
    "updated": 0
  },
  {
    "id": "1ea03546-27b3-468a-a810-c6af16e5ba2b",
    "data": [
      {
        "text": "purchase some ticket",
        "userDefined": false
      }
    ],
    "isTemplate": false,
    "count": 0,
    "lang": "en",
    "updated": 0
  },
  {
    "id": "781c31bf-faf2-4976-be9d-2dc362242557",
    "data": [
      {
        "text": "purchase ",
        "userDefined": false
      },
      {
        "text": "a",
        "meta": "@sys.number",
        "alias": "number",
        "userDefined": true
      },
      {
        "text": " ticket",
        "userDefined": false
      }
    ],
    "isTemplate": false,
    "count": 0,
    "lang": "en",
    "updated": 0
  },
  {
    "id": "432c9ba2-3023-4074-99d6-e0ebc7c46fc8",
    "data": [
      {
        "text": "cinema ticket",
        "userDefined": false
      }
    ],
    "isTemplate": false,
    "count": 0,
    "lang": "en",
    "updated": 0
  },
  {
    "id": "865129d6-683a-430c-b6c5-cfb2c5bd8f1d",
    "data": [
      {
        "text": "Movie ticket",
        "userDefined": false
      }
    ],
    "isTemplate": false,
    "count": 0,
    "lang": "en",
    "updated": 0
  },
  {
    "id": "a938fcea-b6b2-46f6-8f2c-b1c2c8e8786c",
    "data": [
      {
        "text": "buy a film ticket",
        "userDefined": false
      }
    ],
    "isTemplate": false,
    "count": 0,
    "lang": "en",
    "updated": 0
  },
  {
    "id": "7771a0db-cab1-4c91-b1e3-7a49cc379c37",
    "data": [
      {
        "text": "I wanna order Movie ticket",
        "userDefined": false
      }
    ],
    "isTemplate": false,
    "count": 0,
    "lang": "en",
    "updated": 0
  },
  {
    "id": "3e687076-c04c-48cd-97f7-d79dd0b8ce78",
    "data": [
      {
        "text": "I want to watch a movie at the cinema",
        "userDefined": false
      }
    ],
    "isTemplate": false,
    "count": 0,
    "lang": "en",
    "updated": 0
  },
  {
    "id": "9b65788a-c00e-4d04-ad7a-98a5a661fa84",
    "data": [
      {
        "text": "monday",
        "meta": "@OrderDay",
        "alias": "OrderDay",
        "userDefined": false
      },
      {
        "text": " ",
        "userDefined": false
      },
      {
        "text": "afternon",
        "meta": "@DayTime",
        "alias": "DayTime",
        "userDefined": true
      },
      {
        "text": " in ",
        "userDefined": false
      },
      {
        "text": "odeon",
        "meta": "@Theater",
        "alias": "TheaterName",
        "userDefined": false
      },
      {
        "text": " cinema ",
        "userDefined": false
      },
      {
        "text": "no time for die",
        "meta": "@Movie",
        "alias": "MovieName",
        "userDefined": false
      }
    ],
    "isTemplate": false,
    "count": 0,
    "lang": "en",
    "updated": 0
  },
  {
    "id": "5d354002-1339-4aea-a422-95525912e256",
    "data": [
      {
        "text": "today",
        "meta": "@OrderDay",
        "alias": "OrderDay",
        "userDefined": false
      },
      {
        "text": "\u0027s movie",
        "userDefined": false
      }
    ],
    "isTemplate": false,
    "count": 0,
    "lang": "en",
    "updated": 0
  },
  {
    "id": "e6b8d460-5305-4bfe-a830-ba60bb79a9d6",
    "data": [
      {
        "text": "friday",
        "meta": "@OrderDay",
        "alias": "OrderDay",
        "userDefined": false
      },
      {
        "text": " ",
        "userDefined": false
      },
      {
        "text": "night",
        "meta": "@DayTime",
        "alias": "DayTime",
        "userDefined": false
      },
      {
        "text": " ",
        "userDefined": false
      },
      {
        "text": "soho",
        "meta": "@Movie",
        "alias": "MovieName",
        "userDefined": false
      },
      {
        "text": " at ",
        "userDefined": false
      },
      {
        "text": "silvercity",
        "meta": "@Theater",
        "alias": "TheaterName",
        "userDefined": false
      }
    ],
    "isTemplate": false,
    "count": 0,
    "lang": "en",
    "updated": 0
  },
  {
    "id": "d52c93f2-016b-4330-8fb7-8fb0917bb095",
    "data": [
      {
        "text": "I want to watch a film",
        "userDefined": false
      }
    ],
    "isTemplate": false,
    "count": 0,
    "lang": "en",
    "updated": 0
  },
  {
    "id": "e22d2c99-5d70-4ffd-9ddb-67b25b2707c0",
    "data": [
      {
        "text": "I want to watch a movie",
        "userDefined": false
      }
    ],
    "isTemplate": false,
    "count": 0,
    "lang": "en",
    "updated": 0
  },
  {
    "id": "e53070a4-c28a-4e82-9646-56044589d55f",
    "data": [
      {
        "text": "I want ",
        "userDefined": false
      },
      {
        "text": "a",
        "meta": "@sys.number",
        "alias": "number",
        "userDefined": true
      },
      {
        "text": " ticket",
        "userDefined": false
      }
    ],
    "isTemplate": false,
    "count": 1,
    "lang": "en",
    "updated": 0
  },
  {
    "id": "9bb5e731-f7e6-473b-b29e-30fe79024080",
    "data": [
      {
        "text": "Buy ",
        "userDefined": false
      },
      {
        "text": "a",
        "meta": "@sys.number",
        "alias": "number",
        "userDefined": true
      },
      {
        "text": " ticket",
        "userDefined": false
      }
    ],
    "isTemplate": false,
    "count": 0,
    "lang": "en",
    "updated": 0
  },
  {
    "id": "0c55143a-f413-42ee-9d5f-e483405a1f4b",
    "data": [
      {
        "text": "I want to purchase ",
        "userDefined": false
      },
      {
        "text": "a",
        "meta": "@sys.number",
        "alias": "number",
        "userDefined": true
      },
      {
        "text": " ticket",
        "userDefined": false
      }
    ],
    "isTemplate": false,
    "count": 0,
    "lang": "en",
    "updated": 0
  },
  {
    "id": "7b9223c4-7e0f-492d-82a3-12887d5bd3fe",
    "data": [
      {
        "text": "I want to buy movie ticket",
        "userDefined": false
      }
    ],
    "isTemplate": false,
    "count": 0,
    "lang": "en",
    "updated": 0
  }
]