[
  {
    "id": "2aba5ad2-e4ec-4c9b-b6df-3a1432bac0a0",
    "data": [
      {
        "text": "It",
        "userDefined": false
      },
      {
        "text": " ",
        "userDefined": false
      },
      {
        "text": "should",
        "userDefined": false
      },
      {
        "text": " be ",
        "userDefined": false
      },
      {
        "text": "near the entrance",
        "meta": "@SeatSection",
        "alias": "SeatSection",
        "userDefined": true
      }
    ],
    "isTemplate": false,
    "count": 0,
    "lang": "en",
    "updated": 0
  },
  {
    "id": "bafb0655-a69a-4200-a8c8-1450880381fb",
    "data": [
      {
        "text": "how",
        "userDefined": false
      },
      {
        "text": " about ",
        "userDefined": false
      },
      {
        "text": "near the exit",
        "meta": "@SeatSection",
        "alias": "SeatSection",
        "userDefined": false
      }
    ],
    "isTemplate": false,
    "count": 0,
    "lang": "en",
    "updated": 0
  },
  {
    "id": "b79f4d08-54b6-470b-8322-a1d68ae47b6d",
    "data": [
      {
        "text": "ground floor",
        "meta": "@SeatType",
        "alias": "seattype",
        "userDefined": false
      },
      {
        "text": " and ",
        "userDefined": false
      },
      {
        "text": "back",
        "meta": "@SeatSection",
        "alias": "SeatSection",
        "userDefined": false
      },
      {
        "text": " ",
        "userDefined": false
      },
      {
        "text": "seat",
        "userDefined": false
      },
      {
        "text": " works for me",
        "userDefined": false
      }
    ],
    "isTemplate": false,
    "count": 0,
    "lang": "en",
    "updated": 0
  },
  {
    "id": "adfd2c28-8624-4acd-9765-f8cfd26ae589",
    "data": [
      {
        "text": "Center",
        "meta": "@SeatSection",
        "alias": "SeatSection",
        "userDefined": false
      },
      {
        "text": " at the ",
        "userDefined": false
      },
      {
        "text": "standard",
        "meta": "@SeatType",
        "alias": "seattype",
        "userDefined": false
      },
      {
        "text": " section",
        "userDefined": false
      }
    ],
    "isTemplate": false,
    "count": 0,
    "lang": "en",
    "updated": 0
  },
  {
    "id": "b85a5f53-9a8d-4a17-b426-0fde3b6fd28c",
    "data": [
      {
        "text": "Center",
        "meta": "@SeatSection",
        "alias": "SeatSection",
        "userDefined": false
      },
      {
        "text": " point",
        "userDefined": false
      }
    ],
    "isTemplate": false,
    "count": 0,
    "lang": "en",
    "updated": 0
  },
  {
    "id": "e5adb6c3-aa29-49b3-bd3a-1e7f16440d9a",
    "data": [
      {
        "text": "Front",
        "meta": "@SeatSection",
        "alias": "SeatSection",
        "userDefined": true
      },
      {
        "text": " ",
        "userDefined": false
      },
      {
        "text": "side",
        "userDefined": false
      }
    ],
    "isTemplate": false,
    "count": 0,
    "lang": "en",
    "updated": 0
  },
  {
    "id": "2c320558-1edb-44ea-ac67-fdb48f87b2a5",
    "data": [
      {
        "text": "Balcony",
        "meta": "@SeatType",
        "alias": "seattype",
        "userDefined": false
      },
      {
        "text": " and ",
        "userDefined": false
      },
      {
        "text": "front",
        "meta": "@SeatSection",
        "alias": "SeatSection",
        "userDefined": true
      },
      {
        "text": " side",
        "userDefined": false
      }
    ],
    "isTemplate": false,
    "count": 0,
    "lang": "en",
    "updated": 0
  },
  {
    "id": "9056deab-6282-49e1-ae20-29df7c815b4c",
    "data": [
      {
        "text": "Back section",
        "meta": "@SeatSection",
        "alias": "SeatSection",
        "userDefined": false
      },
      {
        "text": " please",
        "userDefined": false
      }
    ],
    "isTemplate": false,
    "count": 0,
    "lang": "en",
    "updated": 0
  },
  {
    "id": "32292263-f480-4d73-a0eb-02f65e8a150d",
    "data": [
      {
        "text": "Standard",
        "meta": "@SeatType",
        "alias": "seattype",
        "userDefined": false
      },
      {
        "text": " works ",
        "userDefined": false
      },
      {
        "text": "for me",
        "userDefined": false
      }
    ],
    "isTemplate": false,
    "count": 0,
    "lang": "en",
    "updated": 0
  },
  {
    "id": "5b14e011-d254-4fa1-b6ee-08c4513a7d7a",
    "data": [
      {
        "text": "I ",
        "userDefined": false
      },
      {
        "text": "want",
        "userDefined": false
      },
      {
        "text": " ",
        "userDefined": false
      },
      {
        "text": "front",
        "meta": "@SeatSection",
        "alias": "SeatSection",
        "userDefined": true
      },
      {
        "text": " ",
        "userDefined": false
      },
      {
        "text": "seat",
        "userDefined": false
      },
      {
        "text": " at the ",
        "userDefined": false
      },
      {
        "text": "balcony",
        "meta": "@SeatType",
        "alias": "seattype",
        "userDefined": false
      }
    ],
    "isTemplate": false,
    "count": 0,
    "lang": "en",
    "updated": 0
  },
  {
    "id": "abd3ee8c-8968-47c5-a3c4-8f948851f44b",
    "data": [
      {
        "text": "I prefer ",
        "userDefined": false
      },
      {
        "text": "balcony",
        "meta": "@SeatType",
        "alias": "seattype",
        "userDefined": false
      }
    ],
    "isTemplate": false,
    "count": 0,
    "lang": "en",
    "updated": 0
  }
]