[
  {
    "id": "01428103-05aa-4654-8fcc-c6da2f6d83db",
    "data": [
      {
        "text": "maryam aliakbari",
        "meta": "@sys.person",
        "alias": "person",
        "userDefined": false
      }
    ],
    "isTemplate": false,
    "count": 0,
    "lang": "en",
    "updated": 0
  },
  {
    "id": "72e16315-b558-481f-a055-2c6dd311833f",
    "data": [
      {
        "text": "the number is ",
        "userDefined": false
      },
      {
        "text": "4567891234",
        "meta": "@sys.phone-number",
        "alias": "phone-number",
        "userDefined": false
      }
    ],
    "isTemplate": false,
    "count": 0,
    "lang": "en",
    "updated": 0
  },
  {
    "id": "bce9deba-8be2-47a0-930b-78c4c47c1630",
    "data": [
      {
        "text": "maryam",
        "meta": "@sys.person",
        "alias": "person",
        "userDefined": false
      },
      {
        "text": " and my phone is ",
        "userDefined": false
      },
      {
        "text": "111-234-5678",
        "meta": "@sys.phone-number",
        "alias": "phone-number",
        "userDefined": false
      }
    ],
    "isTemplate": false,
    "count": 0,
    "lang": "en",
    "updated": 0
  },
  {
    "id": "1decb3fd-51ec-4bf9-9c4a-cadb9a0a9b9c",
    "data": [
      {
        "text": "here is my phone number ",
        "userDefined": false
      },
      {
        "text": "111-111-1111",
        "meta": "@sys.phone-number",
        "alias": "phone-number",
        "userDefined": false
      }
    ],
    "isTemplate": false,
    "count": 0,
    "lang": "en",
    "updated": 0
  },
  {
    "id": "6fad8130-abed-44f8-b182-ba970c9ea148",
    "data": [
      {
        "text": "I want it in the name of ",
        "userDefined": false
      },
      {
        "text": "maryam",
        "meta": "@sys.person",
        "alias": "person",
        "userDefined": false
      },
      {
        "text": " and ",
        "userDefined": false
      },
      {
        "text": "farzin",
        "meta": "@sys.person",
        "alias": "person",
        "userDefined": true
      },
      {
        "text": " and ",
        "userDefined": false
      },
      {
        "text": "ezekiel",
        "meta": "@sys.person",
        "alias": "person",
        "userDefined": false
      }
    ],
    "isTemplate": false,
    "count": 0,
    "lang": "en",
    "updated": 0
  },
  {
    "id": "3e8dacb0-2f4d-4bd2-80c5-d8caacb1ba00",
    "data": [
      {
        "text": "reserve the seats for ",
        "userDefined": false
      },
      {
        "text": "Ezekiel Ayeni",
        "meta": "@sys.person",
        "alias": "person",
        "userDefined": false
      }
    ],
    "isTemplate": false,
    "count": 0,
    "lang": "en",
    "updated": 0
  },
  {
    "id": "f24c66e6-5297-4ac6-b93e-f09e87f1de16",
    "data": [
      {
        "text": "I am ",
        "userDefined": false
      },
      {
        "text": "Maryam",
        "meta": "@sys.person",
        "alias": "person",
        "userDefined": false
      }
    ],
    "isTemplate": false,
    "count": 0,
    "lang": "en",
    "updated": 0
  },
  {
    "id": "ae5f78ff-d442-40aa-bce1-ecf26afdcce9",
    "data": [
      {
        "text": "Yeah. set if for ",
        "userDefined": false
      },
      {
        "text": "Farzin Valiloo",
        "meta": "@sys.person",
        "alias": "person",
        "userDefined": false
      }
    ],
    "isTemplate": false,
    "count": 0,
    "lang": "en",
    "updated": 0
  },
  {
    "id": "d065d3d7-4d3d-4f52-bce5-abb4675a5f15",
    "data": [
      {
        "text": "Yes Sure. the order is in the name of ",
        "userDefined": false
      },
      {
        "text": "Maryam Aliakbari",
        "meta": "@sys.person",
        "alias": "person",
        "userDefined": false
      }
    ],
    "isTemplate": false,
    "count": 0,
    "lang": "en",
    "updated": 0
  }
]